age_b2k,age_ka_cal_bp,ngrip_depth_m,d18o_permil,core_id
29100,29.050,1894.79,-45.15,909
29120,29.070,1895.08,-43.98,911
29140,29.090,1895.35,-44.89,912
29160,29.110,1895.64,-42.89,913
29180,29.130,1895.93,-43.79,914
29200,29.150,1896.20,-45.31,915
29220,29.170,1896.50,-43.82,917
29240,29.190,1896.78,-42.86,918
29260,29.210,1897.05,-45.81,918
29280,29.230,1897.32,-44.05,919
29300,29.250,1897.63,-43.67,919
29320,29.270,1897.89,-44.52,920
29340,29.290,1898.20,-42.80,921
29360,29.310,1898.48,-44.88,923
29380,29.330,1898.78,-43.81,923
29400,29.350,1899.08,-43.22,924
29420,29.370,1899.35,-43.34,926
29440,29.390,1899.61,-43.94,926
29460,29.410,1899.90,-45.35,927
29480,29.430,1900.16,-44.63,928
29500,29.450,1900.40,-43.92,930
29520,29.470,1900.64,-46.36,932
29540,29.490,1900.91,-44.45,933
29560,29.510,1901.16,-44.09,935
29580,29.530,1901.46,-44.61,937
29600,29.550,1901.78,-45.84,938
29620,29.570,1902.06,-46.22,940
29640,29.590,1902.34,-44.46,943
29660,29.610,1902.60,-43.01,945
29680,29.630,1902.87,-44.90,946
29700,29.650,1903.16,-46.45,948
29720,29.670,1903.42,-44.21,950
29740,29.690,1903.67,-46.14,953
29760,29.710,1903.98,-44.54,954
29780,29.730,1904.27,-44.42,956
29800,29.750,1904.57,-43.57,958
29820,29.770,1904.85,-44.05,959
29840,29.790,1905.12,-45.18,960
29860,29.810,1905.42,-44.54,961
29880,29.830,1905.74,-43.74,963
29900,29.850,1906.01,-44.68,965
29920,29.870,1906.28,-44.48,966
29940,29.890,1906.58,-43.72,967
29960,29.910,1906.89,-44.63,968
29980,29.930,1907.22,-44.08,969
30000,29.950,1907.54,-42.98,971
30020,29.970,1907.80,-43.67,973
30040,29.990,1908.09,-45.52,973
30060,30.010,1908.37,-45.70,975
30080,30.030,1908.67,-43.85,977
30100,30.050,1908.95,-44.95,977
30120,30.070,1909.22,-46.25,979
30140,30.090,1909.50,-44.21,980
30160,30.110,1909.77,-45.03,981
30180,30.130,1910.09,-44.59,982
30200,30.150,1910.36,-43.06,983
30220,30.170,1910.63,-45.43,984
30240,30.190,1910.92,-44.55,986
30260,30.210,1911.19,-44.65,987
30280,30.230,1911.46,-45.24,989
30300,30.250,1911.72,-44.76,990
30320,30.270,1912.04,-44.87,991
30340,30.290,1912.33,-43.49,992
30360,30.310,1912.60,-44.28,993
30380,30.330,1912.87,-42.29,994
30400,30.350,1913.19,-43.97,995
30420,30.370,1913.44,-44.73,996
30440,30.390,1913.69,-44.93,999
30460,30.410,1913.92,-45.24,999
30480,30.430,1914.17,-44.77,999
30500,30.450,1914.48,-43.95,1000
30520,30.470,1914.78,-43.47,1002
30540,30.490,1915.13,-43.49,1004
30560,30.510,1915.41,-44.21,1006
30580,30.530,1915.75,-42.71,1007
30600,30.550,1916.08,-44.22,1008
30620,30.570,1916.43,-43.29,1009
30640,30.590,1916.77,-43.80,1011
30660,30.610,1917.12,-41.58,1012
30680,30.630,1917.45,-42.44,1013
30700,30.650,1917.81,-43.39,1016
30720,30.670,1918.23,-42.22,1018
30740,30.690,1918.67,-42.69,1019
30760,30.710,1919.11,-42.05,1021
30780,30.730,1919.47,-42.01,1022
30800,30.750,1919.83,-44.03,1023
30820,30.770,1920.21,-45.08,1023
30840,30.790,1920.56,-42.83,1024
30860,30.810,1920.91,-43.90,1025
30880,30.830,1921.27,-42.45,1027
30900,30.850,1921.61,-43.19,1029
30920,30.870,1921.94,-43.76,1032
30940,30.890,1922.22,-44.79,1034
30960,30.910,1922.53,-45.37,1036
30980,30.930,1922.87,-43.42,1036
31000,30.950,1923.16,-44.40,1038
31020,30.970,1923.46,-42.99,1038
31040,30.990,1923.78,-44.97,1039
31060,31.010,1924.13,-41.75,1041
31080,31.030,1924.46,-44.27,1042
31100,31.050,1924.78,-44.20,1043
31120,31.070,1925.11,-44.13,1045
31140,31.090,1925.45,-43.08,1047
31160,31.110,1925.78,-43.57,1048
31180,31.130,1926.08,-42.73,1049
31200,31.150,1926.36,-45.16,1049
31220,31.170,1926.63,-43.70,1051
31240,31.190,1926.96,-44.25,1053
31260,31.210,1927.32,-44.18,1054
31280,31.230,1927.64,-43.70,1055
31300,31.250,1927.94,-43.97,1057
31320,31.270,1928.25,-42.79,1059
31340,31.290,1928.56,-43.63,1061
31360,31.310,1928.83,-43.67,1063
31380,31.330,1929.15,-44.36,1064
31400,31.350,1929.45,-45.20,1065
31420,31.370,1929.77,-43.57,1066
31440,31.390,1930.07,-43.09,1067
31460,31.410,1930.35,-44.57,1069
31480,31.430,1930.66,-41.65,1070
31500,31.450,1930.96,-43.28,1072
31520,31.470,1931.24,-45.39,1073
31540,31.490,1931.55,-43.86,1074
31560,31.510,1931.85,-43.37,1076
31580,31.530,1932.15,-44.74,1078
31600,31.550,1932.51,-43.33,1080
31620,31.570,1932.83,-43.98,1081
31640,31.590,1933.15,-44.19,1084
31660,31.610,1933.48,-43.69,1085
31680,31.630,1933.80,-44.29,1089
31700,31.650,1934.11,-43.64,1089
31720,31.670,1934.47,-43.20,1089
31740,31.690,1934.80,-42.67,1091
31760,31.710,1935.12,-43.16,1092
31780,31.730,1935.46,-45.06,1092
31800,31.750,1935.79,-43.26,1094
31820,31.770,1936.11,-43.37,1095
31840,31.790,1936.42,-43.50,1096
31860,31.810,1936.74,-45.22,1098
31880,31.830,1937.04,-42.81,1099
31900,31.850,1937.36,-44.89,1100
31920,31.870,1937.65,-42.76,1101
31940,31.890,1937.97,-44.23,1101
31960,31.910,1938.28,-43.48,1103
31980,31.930,1938.60,-44.16,1103
32000,31.950,1938.95,-42.54,1103
32020,31.970,1939.32,-44.45,1104
32040,31.990,1939.68,-43.87,1107
32060,32.010,1940.03,-41.40,1108
32080,32.030,1940.48,-41.72,1109
32100,32.050,1940.90,-41.23,1111
32120,32.070,1941.39,-42.79,1111
32140,32.090,1941.84,-40.50,1113
32160,32.110,1942.31,-41.06,1116
32180,32.130,1942.82,-40.69,1117
32200,32.150,1943.31,-40.85,1118
32220,32.170,1943.82,-40.59,1119
32240,32.190,1944.26,-39.86,1120
32260,32.210,1944.73,-40.34,1122
32280,32.230,1945.23,-40.70,1122
32300,32.250,1945.83,-40.51,1123
32320,32.270,1946.41,-40.70,1123
32340,32.290,1946.96,-40.42,1124
32360,32.310,1947.49,-40.44,1126
32380,32.330,1948.01,-39.83,1129
32400,32.350,1948.59,-39.04,1129
32420,32.370,1949.20,-40.38,1130
32440,32.390,1949.79,-39.61,1130
32460,32.410,1950.41,-38.81,1130
32480,32.430,1951.02,-38.91,1131
32500,32.450,1951.65,-40.14,1132
32520,32.470,1952.12,-42.38,1132
32540,32.490,1952.45,-43.82,1133
32560,32.510,1952.71,-43.57,1134
32580,32.530,1953.00,-44.14,1135
32600,32.550,1953.27,-43.77,1136
32620,32.570,1953.58,-43.67,1139
32640,32.590,1953.92,-43.30,1140
32660,32.610,1954.26,-44.81,1141
32680,32.630,1954.58,-43.29,1143
32700,32.650,1954.82,-45.77,1145
32720,32.670,1955.10,-44.61,1146
32740,32.690,1955.38,-44.58,1149
32760,32.710,1955.67,-43.09,1151
32780,32.730,1955.96,-43.42,1155
32800,32.750,1956.25,-45.03,1157
32820,32.770,1956.53,-45.25,1159
32840,32.790,1956.82,-44.84,1161
32860,32.810,1957.11,-44.81,1163
32880,32.830,1957.42,-45.78,1164
32900,32.850,1957.72,-44.23,1166
32920,32.870,1958.02,-44.07,1168
32940,32.890,1958.28,-43.85,1169
32960,32.910,1958.57,-42.07,1169
32980,32.930,1958.85,-42.72,1171
33000,32.950,1959.16,-44.33,1171
33020,32.970,1959.46,-43.76,1172
33040,32.990,1959.76,-43.83,1172
33060,33.010,1960.01,-42.67,1173
33080,33.030,1960.25,-43.84,1173
33100,33.050,1960.55,-44.33,1174
33120,33.070,1960.82,-44.15,1175
33140,33.090,1961.07,-44.25,1176
33160,33.110,1961.35,-43.29,1177
33180,33.130,1961.65,-42.87,1179
33200,33.150,1961.91,-42.70,1181
33220,33.170,1962.23,-43.14,1182
33240,33.190,1962.49,-44.70,1184
33260,33.210,1962.76,-43.02,1185
33280,33.230,1963.03,-43.44,1187
33300,33.250,1963.32,-43.61,1188
33320,33.270,1963.61,-45.89,1190
33340,33.290,1963.95,-43.29,1190
33360,33.310,1964.30,-43.35,1191
33380,33.330,1964.62,-41.90,1192
33400,33.350,1965.14,-41.15,1192
33420,33.370,1965.64,-41.56,1193
33440,33.390,1966.18,-40.98,1194
33460,33.410,1966.73,-39.74,1195
33480,33.430,1967.27,-40.08,1195
33500,33.450,1967.79,-39.61,1196
33520,33.470,1968.38,-40.44,1196
33540,33.490,1968.97,-40.32,1197
33560,33.510,1969.54,-38.92,1199
33580,33.530,1970.10,-39.98,1200
33600,33.550,1970.70,-39.96,1201
33620,33.570,1971.23,-39.70,1202
33640,33.590,1971.75,-39.91,1203
33660,33.610,1972.32,-40.07,1204
33680,33.630,1972.97,-38.59,1206
33700,33.650,1973.59,-39.06,1209
33720,33.670,1974.16,-39.83,1210
33740,33.690,1974.55,-40.52,1212
33760,33.710,1974.91,-41.82,1215
33780,33.730,1975.29,-41.98,1217
33800,33.750,1975.62,-42.06,1220
33820,33.770,1975.97,-42.39,1221
33840,33.790,1976.34,-42.40,1222
33860,33.810,1976.65,-42.16,1224
33880,33.830,1977.00,-44.12,1224
33900,33.850,1977.33,-41.36,1226
33920,33.870,1977.65,-43.39,1228
33940,33.890,1977.99,-42.95,1230
33960,33.910,1978.28,-42.82,1231
33980,33.930,1978.58,-44.86,1232
34000,33.950,1978.90,-42.81,1233
34020,33.970,1979.21,-43.39,1235
34040,33.990,1979.53,-42.27,1237
34060,34.010,1979.86,-42.68,1238
34080,34.030,1980.14,-43.05,1240
34100,34.050,1980.42,-42.22,1241
34120,34.070,1980.70,-43.30,1243
34140,34.090,1981.02,-43.07,1243
34160,34.110,1981.33,-42.13,1244
34180,34.130,1981.63,-42.34,1245
34200,34.150,1981.91,-43.38,1246
34220,34.170,1982.21,-43.15,1249
34240,34.190,1982.55,-41.84,1251
34260,34.210,1982.85,-42.67,1252
34280,34.230,1983.13,-42.30,1254
34300,34.250,1983.48,-43.47,1255
34320,34.270,1983.78,-44.04,1257
34340,34.290,1984.08,-43.38,1258
34360,34.310,1984.38,-42.35,1259
34380,34.330,1984.69,-42.41,1260
34400,34.350,1984.99,-44.39,1262
34420,34.370,1985.31,-42.63,1264
34440,34.390,1985.64,-43.15,1265
34460,34.410,1986.00,-42.33,1267
34480,34.430,1986.32,-41.98,1268
34500,34.450,1986.56,-43.23,1269
34520,34.470,1986.87,-42.70,1270
34540,34.490,1987.14,-43.39,1271
34560,34.510,1987.43,-43.95,1272
34580,34.530,1987.71,-42.59,1274
34600,34.550,1988.00,-43.10,1275
34620,34.570,1988.31,-43.92,1277
34640,34.590,1988.61,-43.51,1278
34660,34.610,1988.88,-41.78,1280
34680,34.630,1989.26,-41.32,1282
34700,34.650,1989.58,-42.26,1282
34720,34.670,1989.94,-43.09,1283
34740,34.690,1990.28,-44.35,1286
34760,34.710,1990.74,-40.90,1286
34780,34.730,1991.25,-40.22,1288
34800,34.750,1991.75,-39.35,1289
34820,34.770,1992.28,-40.40,1291
34840,34.790,1992.79,-40.99,1291
34860,34.810,1993.30,-40.21,1292
34880,34.830,1993.79,-40.35,1293
34900,34.850,1994.21,-41.16,1294
34920,34.870,1994.67,-40.45,1295
34940,34.890,1995.19,-41.79,1295
34960,34.910,1995.66,-40.08,1297
34980,34.930,1996.15,-41.30,1297
35000,34.950,1996.54,-41.06,1298
35020,34.970,1997.04,-41.15,1299
35040,34.990,1997.52,-40.04,1299
35060,35.010,1998.06,-39.72,1299
35080,35.030,1998.50,-39.08,1300
35100,35.050,1999.04,-39.52,1301
35120,35.070,1999.58,-40.02,1302
35140,35.090,2000.08,-40.36,1303
35160,35.110,2000.63,-39.75,1304
35180,35.130,2001.14,-39.31,1305
35200,35.150,2001.70,-40.11,1307
35220,35.170,2002.23,-40.46,1307
35240,35.190,2002.75,-38.74,1309
35260,35.210,2003.34,-39.64,1309
35280,35.230,2003.89,-39.32,1311
35300,35.250,2004.43,-39.82,1311
35320,35.270,2005.00,-39.21,1312
35340,35.290,2005.55,-39.61,1314
35360,35.310,2006.09,-38.48,1315
35380,35.330,2006.65,-38.81,1316
35400,35.350,2007.16,-39.45,1317
35420,35.370,2007.75,-38.80,1318
35440,35.390,2008.32,-38.25,1319
35460,35.410,2008.88,-39.18,1320
35480,35.430,2009.44,-39.46,1321
35500,35.450,2009.93,-40.96,1321
35520,35.470,2010.33,-42.74,1323
35540,35.490,2010.70,-42.95,1324
35560,35.510,2011.04,-44.65,1324
35580,35.530,2011.36,-40.86,1325
35600,35.550,2011.65,-43.18,1326
35620,35.570,2011.94,-42.78,1326
35640,35.590,2012.23,-42.88,1328
35660,35.610,2012.49,-41.54,1330
35680,35.630,2012.82,-42.92,1330
35700,35.650,2013.11,-42.91,1332
35720,35.670,2013.43,-41.75,1333
35740,35.690,2013.71,-41.57,1336
35760,35.710,2014.03,-41.30,1337
35780,35.730,2014.28,-44.02,1338
35800,35.750,2014.58,-43.05,1338
35820,35.770,2014.88,-43.14,1340
35840,35.790,2015.18,-44.11,1342
35860,35.810,2015.47,-44.88,1344
35880,35.830,2015.75,-44.37,1347
35900,35.850,2016.04,-44.75,1348
35920,35.870,2016.33,-43.88,1349
35940,35.890,2016.60,-44.02,1351
35960,35.910,2016.91,-41.76,1352
35980,35.930,2017.22,-43.07,1353
36000,35.950,2017.51,-42.45,1355
36020,35.970,2017.80,-43.33,1355
36040,35.990,2018.10,-43.34,1356
36060,36.010,2018.37,-43.63,1358
36080,36.030,2018.69,-43.20,1360
36100,36.050,2018.98,-43.09,1361
36120,36.070,2019.27,-43.11,1362
36140,36.090,2019.55,-42.56,1364
36160,36.110,2019.82,-43.05,1365
36180,36.130,2020.11,-42.43,1366
36200,36.150,2020.42,-40.64,1368
36220,36.170,2020.70,-43.78,1369
36240,36.190,2021.00,-42.71,1372
36260,36.210,2021.32,-43.12,1373
36280,36.230,2021.63,-43.18,1373
36300,36.250,2021.94,-44.56,1374
36320,36.270,2022.25,-42.31,1376
36340,36.290,2022.54,-43.35,1377
36360,36.310,2022.85,-41.17,1378
36380,36.330,2023.16,-41.89,1380
36400,36.350,2023.50,-42.49,1382
36420,36.370,2023.83,-43.57,1384
36440,36.390,2024.15,-41.99,1385
36460,36.410,2024.53,-43.74,1387
36480,36.430,2024.97,-41.83,1389
36500,36.450,2025.35,-41.87,1391
36520,36.470,2025.71,-41.40,1393
36540,36.490,2026.02,-43.40,1395
36560,36.510,2026.33,-43.00,1396
36580,36.530,2026.66,-43.04,1397
36600,36.550,2027.03,-42.38,1398
36620,36.570,2027.43,-41.52,1400
36640,36.590,2027.78,-41.92,1401
36660,36.610,2028.17,-39.88,1402
36680,36.630,2028.60,-40.22,1403
36700,36.650,2029.03,-41.79,1403
36720,36.670,2029.47,-41.09,1403
36740,36.690,2029.90,-40.73,1403
36760,36.710,2030.34,-41.32,1404
36780,36.730,2030.75,-41.36,1404
36800,36.750,2031.20,-41.23,1405
36820,36.770,2031.65,-41.37,1406
36840,36.790,2032.15,-39.93,1407
36860,36.810,2032.67,-41.13,1408
36880,36.830,2033.18,-41.21,1410
36900,36.850,2033.57,-41.19,1411
36920,36.870,2033.93,-41.51,1412
36940,36.890,2034.33,-41.47,1412
36960,36.910,2034.74,-42.16,1412
36980,36.930,2035.18,-41.18,1413
37000,36.950,2035.62,-41.03,1413
37020,36.970,2036.05,-40.84,1413
37040,36.990,2036.52,-41.21,1414
37060,37.010,2036.96,-41.45,1415
37080,37.030,2037.39,-40.73,1416
37100,37.050,2037.80,-40.78,1416
37120,37.070,2038.23,-41.31,1417
37140,37.090,2038.66,-40.04,1419
37160,37.110,2039.16,-40.52,1419
37180,37.130,2039.68,-40.26,1420
37200,37.150,2040.22,-39.92,1420
37220,37.170,2040.77,-39.47,1420
37240,37.190,2041.31,-39.69,1420
37260,37.210,2041.83,-39.35,1421
37280,37.230,2042.36,-40.40,1421
37300,37.250,2042.92,-39.95,1422
37320,37.270,2043.46,-39.39,1423
37340,37.290,2044.01,-38.89,1425
37360,37.310,2044.54,-39.43,1425
37380,37.330,2045.05,-40.84,1425
37400,37.350,2045.54,-40.19,1426
37420,37.370,2046.08,-40.76,1426
37440,37.390,2046.67,-39.03,1426
37460,37.410,2047.21,-39.16,1427
37480,37.430,2047.79,-38.75,1427
37500,37.450,2048.37,-38.55,1428
37520,37.470,2048.97,-39.31,1428
37540,37.490,2049.53,-39.96,1428
37560,37.510,2050.11,-38.60,1428
37580,37.530,2050.66,-38.63,1429
37600,37.550,2051.29,-38.50,1429
37620,37.570,2051.89,-39.60,1430
37640,37.590,2052.44,-39.04,1430
37660,37.610,2053.04,-38.70,1430
37680,37.630,2053.65,-39.19,1431
37700,37.650,2054.25,-38.56,1431
37720,37.670,2054.86,-38.73,1432
37740,37.690,2055.39,-39.29,1432
37760,37.710,2055.97,-38.75,1432
37780,37.730,2056.53,-39.11,1432
37800,37.750,2057.08,-38.89,1433
37820,37.770,2057.70,-39.04,1433
37840,37.790,2058.28,-39.37,1434
37860,37.810,2058.86,-38.75,1435
37880,37.830,2059.44,-39.66,1436
37900,37.850,2060.05,-39.17,1436
37920,37.870,2060.71,-38.92,1437
37940,37.890,2061.26,-39.18,1438
37960,37.910,2061.84,-38.97,1438
37980,37.930,2062.49,-38.13,1438
38000,37.950,2063.13,-39.07,1438
38020,37.970,2063.68,-38.88,1440
38040,37.990,2064.33,-38.16,1441
38060,38.010,2064.99,-38.75,1441
38080,38.030,2065.63,-39.01,1441
38100,38.050,2066.22,-38.67,1444
38120,38.070,2066.90,-38.21,1445
38140,38.090,2067.60,-37.87,1446
38160,38.110,2068.25,-38.22,1446
38180,38.130,2068.90,-38.53,1447
38200,38.150,2069.50,-37.58,1448
38220,38.170,2070.02,-39.55,1449
38240,38.190,2070.40,-42.16,1450
38260,38.210,2070.71,-41.77,1451
38280,38.230,2071.02,-42.12,1451
38300,38.250,2071.33,-42.10,1452
38320,38.270,2071.70,-42.05,1453
38340,38.290,2072.04,-42.62,1454
38360,38.310,2072.39,-43.30,1455
38380,38.330,2072.70,-43.48,1457
38400,38.350,2072.99,-41.51,1460
38420,38.370,2073.28,-43.54,1461
38440,38.390,2073.59,-39.90,1462
38460,38.410,2073.92,-41.88,1463
38480,38.430,2074.17,-43.58,1465
38500,38.450,2074.52,-41.92,1465
38520,38.470,2074.82,-41.41,1467
38540,38.490,2075.11,-44.24,1468
38560,38.510,2075.39,-43.00,1469
38580,38.530,2075.73,-43.10,1470
38600,38.550,2076.04,-41.80,1470
38620,38.570,2076.30,-44.31,1471
38640,38.590,2076.59,-42.12,1471
38660,38.610,2076.91,-42.77,1472
38680,38.630,2077.20,-42.74,1473
38700,38.650,2077.49,-43.76,1475
38720,38.670,2077.77,-44.41,1476
38740,38.690,2078.08,-42.34,1476
38760,38.710,2078.39,-43.42,1478
38780,38.730,2078.70,-42.78,1478
38800,38.750,2079.03,-44.18,1479
38820,38.770,2079.30,-43.23,1479
38840,38.790,2079.64,-43.39,1480
38860,38.810,2079.88,-43.54,1481
38880,38.830,2080.19,-42.41,1481
38900,38.850,2080.47,-41.67,1482
38920,38.870,2080.75,-42.86,1484
38940,38.890,2081.07,-43.23,1485
38960,38.910,2081.42,-41.34,1488
38980,38.930,2081.76,-42.51,1490
39000,38.950,2082.05,-41.68,1491
39020,38.970,2082.36,-43.85,1492
39040,38.990,2082.69,-44.43,1495
39060,39.010,2082.97,-45.16,1497
39080,39.030,2083.24,-42.13,1497
39100,39.050,2083.51,-43.08,1498
39120,39.070,2083.80,-44.58,1499
39140,39.090,2084.05,-43.24,1500
39160,39.110,2084.36,-43.68,1503
39180,39.130,2084.66,-43.45,1504
39200,39.150,2084.96,-42.28,1504
39220,39.170,2085.23,-43.00,1506
39240,39.190,2085.52,-44.15,1508
39260,39.210,2085.83,-43.43,1510
39280,39.230,2086.09,-44.21,1512
39300,39.250,2086.37,-43.40,1513
39320,39.270,2086.65,-42.61,1515
39340,39.290,2086.93,-44.15,1517
39360,39.310,2087.19,-42.37,1519
39380,39.330,2087.50,-43.58,1521
39400,39.350,2087.84,-43.74,1522
39420,39.370,2088.10,-43.61,1524
39440,39.390,2088.42,-41.92,1526
39460,39.410,2088.70,-41.65,1528
39480,39.430,2088.95,-44.66,1530
39500,39.450,2089.21,-44.17,1531
39520,39.470,2089.47,-44.32,1532
39540,39.490,2089.75,-43.43,1534
39560,39.510,2090.04,-42.24,1535
39580,39.530,2090.30,-42.56,1537
39600,39.550,2090.59,-41.71,1541
39620,39.570,2090.85,-44.69,1542
39640,39.590,2091.15,-43.47,1544
39660,39.610,2091.39,-43.03,1546
39680,39.630,2091.65,-42.35,1547
39700,39.650,2091.94,-42.48,1548
39720,39.670,2092.18,-43.06,1551
39740,39.690,2092.46,-44.26,1553
39760,39.710,2092.72,-42.15,1556
39780,39.730,2092.97,-43.67,1557
39800,39.750,2093.23,-42.32,1559
39820,39.770,2093.49,-42.84,1561
39840,39.790,2093.74,-44.11,1564
39860,39.810,2094.00,-43.49,1566
39880,39.830,2094.31,-43.54,1569
39900,39.850,2094.64,-42.61,1569
39920,39.870,2094.97,-42.21,1570
39940,39.890,2095.27,-42.19,1570
39960,39.910,2095.58,-42.19,1572
39980,39.930,2095.92,-41.60,1573
40000,39.950,2096.31,-40.85,1574
40020,39.970,2096.73,-40.35,1574
40040,39.990,2097.14,-40.83,1574
40060,40.010,2097.56,-40.71,1576
40080,40.030,2097.98,-40.50,1576
40100,40.050,2098.40,-39.67,1577
40120,40.070,2098.85,-40.59,1578
40140,40.090,2099.25,-39.45,1579
40160,40.110,2099.61,-40.84,1580
40180,40.130,2099.97,-42.55,1580
40200,40.150,2100.35,-43.72,1582
40220,40.170,2100.68,-42.58,1583
40240,40.190,2100.97,-42.09,1584
40260,40.210,2101.28,-42.53,1585
40280,40.230,2101.63,-42.07,1587
40300,40.250,2101.93,-42.49,1587
40320,40.270,2102.26,-42.12,1588
40340,40.290,2102.60,-41.98,1589
40360,40.310,2102.93,-42.40,1591
40380,40.330,2103.28,-42.41,1592
40400,40.350,2103.59,-41.76,1594
40420,40.370,2103.87,-42.37,1595
40440,40.390,2104.13,-42.28,1596
40460,40.410,2104.43,-43.00,1597
40480,40.430,2104.73,-42.07,1598
40500,40.450,2105.04,-42.32,1599
40520,40.470,2105.36,-41.79,1600
40540,40.490,2105.67,-41.92,1601
40560,40.510,2105.97,-42.41,1603
40580,40.530,2106.26,-43.40,1604
40600,40.550,2106.57,-43.00,1606
40620,40.570,2106.89,-42.58,1607
40640,40.590,2107.21,-45.42,1607
40660,40.610,2107.54,-42.57,1607
40680,40.630,2107.86,-42.49,1608
40700,40.650,2108.16,-42.86,1609
40720,40.670,2108.43,-44.29,1610
40740,40.690,2108.81,-42.54,1611
40760,40.710,2109.13,-44.53,1612
40780,40.730,2109.40,-43.86,1614
40800,40.750,2109.71,-43.19,1615
40820,40.770,2110.05,-41.04,1616
40840,40.790,2110.34,-42.59,1616
40860,40.810,2110.69,-41.46,1618
40880,40.830,2111.04,-42.63,1618
40900,40.850,2111.37,-41.98,1618
40920,40.870,2111.71,-42.35,1619
40940,40.890,2112.04,-41.30,1619
40960,40.910,2112.38,-42.16,1620
40980,40.930,2112.78,-40.41,1621
41000,40.950,2113.17,-41.18,1622
41020,40.970,2113.62,-40.80,1622
41040,40.990,2114.03,-39.59,1623
41060,41.010,2114.42,-39.83,1623
41080,41.030,2114.79,-40.35,1624
41100,41.050,2115.20,-39.60,1624
41120,41.070,2115.67,-39.22,1624
41140,41.090,2116.07,-40.36,1625
41160,41.110,2116.57,-39.70,1625
41180,41.130,2117.01,-41.25,1625
41200,41.150,2117.49,-39.25,1625
41220,41.170,2117.94,-39.36,1626
41240,41.190,2118.39,-40.13,1627
41260,41.210,2118.92,-39.84,1627
41280,41.230,2119.42,-39.94,1628
41300,41.250,2119.93,-38.34,1628
41320,41.270,2120.41,-39.47,1629
41340,41.290,2120.91,-39.41,1631
41360,41.310,2121.40,-39.97,1631
41380,41.330,2121.89,-38.94,1632
41400,41.350,2122.45,-38.82,1632
41420,41.370,2123.02,-38.56,1632
41440,41.390,2123.60,-38.36,1633
41460,41.410,2124.03,-39.79,1633
41480,41.430,2124.45,-41.75,1633
41500,41.450,2124.72,-43.22,1635
41520,41.470,2125.02,-42.27,1637
41540,41.490,2125.35,-41.32,1639
41560,41.510,2125.67,-43.49,1640
41580,41.530,2125.95,-42.76,1641
41600,41.550,2126.21,-42.71,1642
41620,41.570,2126.48,-41.75,1645
41640,41.590,2126.79,-42.31,1647
41660,41.610,2127.06,-41.70,1649
41680,41.630,2127.35,-43.61,1651
41700,41.650,2127.64,-42.91,1652
41720,41.670,2127.94,-41.92,1653
41740,41.690,2128.20,-41.67,1654
41760,41.710,2128.48,-43.75,1656
41780,41.730,2128.73,-43.27,1658
41800,41.750,2129.02,-43.60,1658
41820,41.770,2129.30,-42.85,1659
41840,41.790,2129.58,-42.23,1660
41860,41.810,2129.85,-41.83,1660
41880,41.830,2130.12,-42.57,1661
41900,41.850,2130.38,-43.06,1662
41920,41.870,2130.64,-43.66,1663
41940,41.890,2130.94,-42.47,1664
41960,41.910,2131.21,-42.06,1666
41980,41.930,2131.46,-42.84,1667
42000,41.950,2131.73,-43.20,1669
42020,41.970,2132.00,-43.92,1670
42040,41.990,2132.25,-42.03,1672
42060,42.010,2132.54,-42.11,1673
42080,42.030,2132.83,-43.49,1673
42100,42.050,2133.12,-42.25,1674
42120,42.070,2133.39,-42.64,1675
42140,42.090,2133.64,-41.52,1676
42160,42.110,2133.91,-41.73,1678
42180,42.130,2134.16,-42.12,1678
42200,42.150,2134.45,-42.27,1679
42220,42.170,2134.71,-42.17,1680
42240,42.190,2134.99,-42.03,1682
42260,42.210,2135.28,-41.73,1685
42280,42.230,2135.63,-42.66,1685
42300,42.250,2136.00,-40.57,1685
42320,42.270,2136.37,-39.58,1687
42340,42.290,2136.71,-41.50,1688
42360,42.310,2137.04,-40.62,1688
42380,42.330,2137.39,-41.26,1690
42400,42.350,2137.75,-40.76,1691
42420,42.370,2138.09,-40.78,1693
42440,42.390,2138.46,-40.31,1695
42460,42.410,2138.83,-41.63,1695
42480,42.430,2139.17,-41.73,1696
42500,42.450,2139.54,-41.87,1697
42520,42.470,2139.88,-41.14,1698
42540,42.490,2140.24,-40.60,1698
42560,42.510,2140.61,-41.03,1698
42580,42.530,2140.97,-41.65,1700
42600,42.550,2141.30,-40.93,1702
42620,42.570,2141.68,-39.99,1702
42640,42.590,2142.05,-40.38,1704
42660,42.610,2142.39,-41.00,1705
42680,42.630,2142.78,-40.64,1705
42700,42.650,2143.14,-39.68,1707
42720,42.670,2143.49,-39.29,1709
42740,42.690,2143.86,-40.39,1710
42760,42.710,2144.24,-39.40,1711
42780,42.730,2144.58,-39.66,1713
42800,42.750,2144.94,-40.20,1714
42820,42.770,2145.33,-39.53,1716
42840,42.790,2145.78,-39.43,1717
42860,42.810,2146.19,-39.54,1718
42880,42.830,2146.66,-39.47,1719
42900,42.850,2147.12,-39.83,1719
42920,42.870,2147.57,-38.67,1720
42940,42.890,2148.01,-38.99,1721
42960,42.910,2148.48,-39.05,1722
42980,42.930,2148.91,-39.63,1723
43000,42.950,2149.35,-39.36,1724
43020,42.970,2149.81,-38.48,1724
43040,42.990,2150.28,-38.04,1725
43060,43.010,2150.74,-38.64,1727
43080,43.030,2151.24,-38.72,1728
43100,43.050,2151.69,-38.06,1729
43120,43.070,2152.19,-38.81,1729
43140,43.090,2152.70,-39.55,1730
43160,43.110,2153.17,-38.85,1731
43180,43.130,2153.67,-39.52,1732
43200,43.150,2154.19,-39.76,1732
43220,43.170,2154.64,-40.75,1733
43240,43.190,2155.10,-39.45,1733
43260,43.210,2155.60,-38.95,1734
43280,43.230,2156.08,-39.66,1734
43300,43.250,2156.58,-39.32,1735
43320,43.270,2157.05,-38.45,1736
43340,43.290,2157.49,-39.91,1736
43360,43.310,2157.79,-41.07,1736
43380,43.330,2158.08,-42.46,1737
43400,43.350,2158.34,-41.46,1738
43420,43.370,2158.61,-41.48,1739
43440,43.390,2158.90,-42.01,1739
43460,43.410,2159.19,-42.98,1740
43480,43.430,2159.46,-43.81,1741
43500,43.450,2159.76,-42.61,1741
43520,43.470,2159.99,-43.85,1743
43540,43.490,2160.23,-42.36,1744
43560,43.510,2160.49,-43.59,1744
43580,43.530,2160.73,-43.73,1746
43600,43.550,2160.97,-44.04,1747
43620,43.570,2161.24,-44.15,1748
43640,43.590,2161.48,-43.39,1750
43660,43.610,2161.74,-43.19,1751
43680,43.630,2162.01,-42.07,1753
43700,43.650,2162.27,-42.91,1753
43720,43.670,2162.52,-41.53,1754
43740,43.690,2162.78,-42.23,1756
43760,43.710,2163.04,-42.84,1757
43780,43.730,2163.31,-41.82,1757
43800,43.750,2163.57,-42.67,1759
43820,43.770,2163.82,-41.52,1760
43840,43.790,2164.10,-42.94,1761
43860,43.810,2164.38,-40.43,1762
43880,43.830,2164.64,-42.67,1763
43900,43.850,2164.90,-42.07,1764
43920,43.870,2165.16,-42.98,1765
43940,43.890,2165.45,-43.96,1765
43960,43.910,2165.70,-42.26,1766
43980,43.930,2165.97,-44.78,1767
44000,43.950,2166.26,-41.30,1769
44020,43.970,2166.50,-41.83,1770
44040,43.990,2166.75,-42.68,1771
44060,44.010,2167.03,-41.94,1771
44080,44.030,2167.27,-43.58,1772
44100,44.050,2167.48,-43.12,1773
44120,44.070,2167.77,-42.69,1775
44140,44.090,2168.04,-43.81,1775
44160,44.110,2168.30,-43.65,1775
44180,44.130,2168.57,-43.57,1776
44200,44.150,2168.83,-41.84,1777
44220,44.170,2169.14,-41.67,1777
44240,44.190,2169.42,-43.41,1778
44260,44.210,2169.72,-43.10,1780
44280,44.230,2170.00,-44.04,1780
44300,44.250,2170.30,-41.50,1781
44320,44.270,2170.59,-41.98,1782
44340,44.290,2170.88,-41.75,1783
44360,44.310,2171.21,-41.75,1783
44380,44.330,2171.54,-41.15,1784
44400,44.350,2171.91,-39.87,1786
44420,44.370,2172.24,-39.43,1787
44440,44.390,2172.59,-40.91,1788
44460,44.410,2173.00,-39.81,1789
44480,44.430,2173.39,-40.27,1789
44500,44.450,2173.77,-39.29,1789
44520,44.470,2174.12,-40.54,1790
44540,44.490,2174.50,-41.07,1790
44560,44.510,2174.80,-40.45,1791
44580,44.530,2175.12,-41.51,1791
44600,44.550,2175.42,-42.56,1792
44620,44.570,2175.75,-41.59,1793
44640,44.590,2176.00,-41.77,1794
44660,44.610,2176.28,-41.40,1795
44680,44.630,2176.61,-42.16,1796
44700,44.650,2176.96,-40.59,1796
44720,44.670,2177.30,-40.24,1798
44740,44.690,2177.62,-40.66,1801
44760,44.710,2177.92,-41.38,1803
44780,44.730,2178.26,-40.17,1803
44800,44.750,2178.60,-41.68,1804
44820,44.770,2178.93,-41.54,1805
44840,44.790,2179.26,-40.86,1806
44860,44.810,2179.58,-40.57,1808
44880,44.830,2179.89,-42.54,1810
44900,44.850,2180.21,-41.99,1810
44920,44.870,2180.55,-41.29,1811
44940,44.890,2180.89,-41.13,1813
44960,44.910,2181.20,-41.50,1815
44980,44.930,2181.54,-40.01,1815
45000,44.950,2181.87,-41.01,1817
45020,44.970,2182.23,-39.76,1818
45040,44.990,2182.58,-41.47,1819
45060,45.010,2182.95,-40.78,1819
45080,45.030,2183.29,-40.93,1819
45100,45.050,2183.63,-40.89,1820
45120,45.070,2184.01,-40.74,1820
45140,45.090,2184.38,-39.95,1821
45160,45.110,2184.73,-41.65,1823
45180,45.130,2185.04,-41.05,1825
45200,45.150,2185.36,-40.35,1826
45220,45.170,2185.69,-39.91,1827
45240,45.190,2186.01,-40.36,1827
45260,45.210,2186.36,-40.21,1829
45280,45.230,2186.71,-41.72,1830
45300,45.250,2187.06,-39.81,1831
45320,45.270,2187.40,-41.26,1832
45340,45.290,2187.77,-41.38,1834
45360,45.310,2188.11,-40.48,1835
45380,45.330,2188.44,-41.17,1837
45400,45.350,2188.83,-40.53,1839
45420,45.370,2189.20,-40.48,1840
45440,45.390,2189.59,-40.39,1842
45460,45.410,2189.99,-39.13,1843
45480,45.430,2190.36,-39.65,1844
45500,45.450,2190.80,-39.44,1845
45520,45.470,2191.24,-40.56,1846
45540,45.490,2191.69,-40.00,1846
45560,45.510,2192.08,-40.06,1848
45580,45.530,2192.49,-40.54,1849
45600,45.550,2192.90,-39.23,1849
45620,45.570,2193.29,-39.24,1851
45640,45.590,2193.77,-39.16,1851
45660,45.610,2194.17,-40.16,1852
45680,45.630,2194.59,-39.21,1852
45700,45.650,2195.01,-38.93,1852
45720,45.670,2195.42,-39.77,1854
45740,45.690,2195.88,-39.69,1854
45760,45.710,2196.29,-39.27,1855
45780,45.730,2196.72,-39.96,1856
45800,45.750,2197.20,-38.80,1856
45820,45.770,2197.67,-39.41,1858
45840,45.790,2198.10,-40.46,1859
45860,45.810,2198.55,-39.18,1859
45880,45.830,2198.99,-39.71,1861
45900,45.850,2199.43,-38.89,1861
45920,45.870,2199.84,-39.47,1862
45940,45.890,2200.27,-39.06,1864
45960,45.910,2200.69,-39.56,1866
45980,45.930,2201.11,-40.41,1868
46000,45.950,2201.51,-39.00,1869
46020,45.970,2201.94,-39.40,1870
46040,45.990,2202.39,-38.70,1870
46060,46.010,2202.84,-38.03,1872
46080,46.030,2203.32,-38.41,1873
46100,46.050,2203.79,-38.82,1874
46120,46.070,2204.23,-39.36,1874
46140,46.090,2204.71,-39.35,1876
46160,46.110,2205.18,-39.00,1877
46180,46.130,2205.68,-38.62,1878
46200,46.150,2206.14,-39.10,1879
46220,46.170,2206.60,-38.86,1881
46240,46.190,2207.05,-38.63,1882
46260,46.210,2207.51,-38.73,1883
46280,46.230,2207.92,-38.93,1883
46300,46.250,2208.41,-38.85,1884
46320,46.270,2208.84,-38.91,1886
46340,46.290,2209.35,-39.54,1886
46360,46.310,2209.81,-38.48,1888
46380,46.330,2210.29,-39.21,1889
46400,46.350,2210.77,-38.55,1890
46420,46.370,2211.23,-39.36,1891
46440,46.390,2211.67,-39.08,1892
46460,46.410,2212.14,-38.64,1893
46480,46.430,2212.61,-38.00,1895
46500,46.450,2213.05,-37.42,1896
46520,46.470,2213.49,-38.29,1898
46540,46.490,2213.92,-38.56,1900
46560,46.510,2214.41,-38.55,1901
46580,46.530,2214.92,-39.00,1901
46600,46.550,2215.43,-39.41,1902
46620,46.570,2215.90,-38.63,1903
46640,46.590,2216.44,-37.78,1904
46660,46.610,2217.02,-37.45,1905
46680,46.630,2217.56,-38.35,1905
46700,46.650,2218.11,-38.25,1906
46720,46.670,2218.67,-37.61,1907
46740,46.690,2219.20,-37.73,1908
46760,46.710,2219.72,-38.23,1909
46780,46.730,2220.27,-38.45,1909
46800,46.750,2220.83,-37.22,1910
46820,46.770,2221.42,-37.28,1910
46840,46.790,2221.89,-37.07,1912
46860,46.810,2222.30,-41.04,1912
46880,46.830,2222.62,-40.54,1913
46900,46.850,2222.90,-43.60,1915
46920,46.870,2223.20,-41.07,1915
46940,46.890,2223.51,-42.62,1915
46960,46.910,2223.79,-41.63,1916
46980,46.930,2224.04,-43.03,1917
47000,46.950,2224.30,-42.48,1918
47020,46.970,2224.58,-42.85,1919
47040,46.990,2224.84,-43.34,1921
47060,47.010,2225.10,-42.85,1922
47080,47.030,2225.41,-43.12,1923
47100,47.050,2225.67,-42.53,1924
47120,47.070,2225.94,-41.24,1926
47140,47.090,2226.20,-41.88,1927
47160,47.110,2226.47,-42.84,1928
47180,47.130,2226.74,-44.25,1929
47200,47.150,2227.03,-42.85,1931
47220,47.170,2227.30,-41.65,1932
47240,47.190,2227.56,-42.60,1933
47260,47.210,2227.82,-43.73,1935
47280,47.230,2228.07,-42.86,1936
47300,47.250,2228.34,-43.24,1938
47320,47.270,2228.66,-41.82,1938
47340,47.290,2228.91,-41.91,1938
47360,47.310,2229.17,-41.68,1940
47380,47.330,2229.43,-42.28,1942
47400,47.350,2229.69,-42.52,1944
47420,47.370,2229.95,-43.13,1945
47440,47.390,2230.18,-44.59,1945
47460,47.410,2230.46,-42.10,1945
47480,47.430,2230.71,-44.59,1946
47500,47.450,2230.96,-43.90,1947
47520,47.470,2231.19,-43.66,1947
47540,47.490,2231.43,-43.77,1948
47560,47.510,2231.69,-41.16,1949
47580,47.530,2231.95,-42.81,1950
47600,47.550,2232.19,-41.37,1952
47620,47.570,2232.43,-42.40,1953
47640,47.590,2232.68,-41.32,1954
47660,47.610,2232.94,-42.12,1955
47680,47.630,2233.18,-42.85,1955
47700,47.650,2233.42,-43.37,1957
47720,47.670,2233.66,-42.44,1958
47740,47.690,2233.88,-43.50,1959
47760,47.710,2234.13,-44.61,1960
47780,47.730,2234.38,-43.94,1961
47800,47.750,2234.64,-42.96,1962
47820,47.770,2234.91,-43.73,1963
47840,47.790,2235.16,-43.17,1964
47860,47.810,2235.42,-40.51,1964
47880,47.830,2235.65,-42.20,1965
47900,47.850,2235.87,-42.63,1967
47920,47.870,2236.10,-43.42,1968
47940,47.890,2236.34,-43.93,1969
47960,47.910,2236.57,-41.88,1970
47980,47.930,2236.80,-43.61,1971
48000,47.950,2237.03,-42.33,1972
48020,47.970,2237.28,-44.10,1972
48040,47.990,2237.49,-41.83,1974
48060,48.010,2237.72,-42.48,1974
48080,48.030,2237.94,-43.66,1975
48100,48.050,2238.17,-43.40,1977
48120,48.070,2238.39,-43.28,1977
48140,48.090,2238.61,-44.49,1978
48160,48.110,2238.85,-45.08,1979
48180,48.130,2239.08,-43.80,1980
48200,48.150,2239.31,-43.70,1981
48220,48.170,2239.53,-43.00,1982
48240,48.190,2239.76,-42.88,1983
48260,48.210,2239.99,-44.33,1984
48280,48.230,2240.24,-43.59,1984
48300,48.250,2240.48,-42.82,1985
48320,48.270,2240.71,-43.32,1986
48340,48.290,2240.96,-42.88,1988
48360,48.310,2241.21,-41.42,1988
48380,48.330,2241.46,-42.35,1989
48400,48.350,2241.72,-42.56,1989
48420,48.370,2241.94,-42.98,1991
48440,48.390,2242.19,-41.44,1992
48460,48.410,2242.44,-42.99,1993
48480,48.430,2242.71,-41.38,1995
48500,48.450,2243.00,-41.65,1996
48520,48.470,2243.31,-41.18,1998
48540,48.490,2243.66,-40.50,1999
48560,48.510,2243.96,-40.57,2000
48580,48.530,2244.26,-40.88,2002
48600,48.550,2244.57,-41.71,2003
48620,48.570,2244.93,-41.52,2003
48640,48.590,2245.23,-41.44,2004
48660,48.610,2245.54,-41.10,2005
48680,48.630,2245.82,-40.40,2007
48700,48.650,2246.12,-42.06,2007
48720,48.670,2246.46,-41.19,2007
48740,48.690,2246.80,-40.41,2008
48760,48.710,2247.12,-40.56,2009
48780,48.730,2247.43,-41.63,2009
48800,48.750,2247.79,-40.68,2010
48820,48.770,2248.15,-41.45,2011
48840,48.790,2248.46,-40.99,2013
48860,48.810,2248.85,-39.56,2013
48880,48.830,2249.20,-39.90,2015
48900,48.850,2249.58,-40.05,2015
48920,48.870,2249.97,-39.93,2016
48940,48.890,2250.36,-39.58,2016
48960,48.910,2250.75,-39.06,2017
48980,48.930,2251.20,-39.74,2017
49000,48.950,2251.61,-39.67,2017
49020,48.970,2252.00,-39.21,2018
49040,48.990,2252.40,-40.25,2019
49060,49.010,2252.80,-40.32,2021
49080,49.030,2253.15,-41.91,2021
49100,49.050,2253.49,-41.96,2022
49120,49.070,2253.84,-42.22,2023
49140,49.090,2254.20,-40.68,2023
49160,49.110,2254.57,-39.58,2024
49180,49.130,2254.96,-39.97,2025
49200,49.150,2255.35,-39.16,2026
49220,49.170,2255.71,-39.01,2027
49240,49.190,2256.12,-39.39,2029
49260,49.210,2256.52,-38.39,2030
49280,49.230,2256.89,-40.42,2031
49300,49.250,2257.26,-41.20,2032
49320,49.270,2257.57,-41.88,2033
49340,49.290,2257.86,-41.00,2035
49360,49.310,2258.15,-42.38,2037
49380,49.330,2258.43,-41.96,2038
49400,49.350,2258.72,-42.46,2039
49420,49.370,2258.96,-42.67,2040
49440,49.390,2259.22,-41.75,2041
49460,49.410,2259.49,-42.00,2042
49480,49.430,2259.76,-41.54,2044
49500,49.450,2260.05,-41.13,2045
49520,49.470,2260.34,-41.51,2047
49540,49.490,2260.63,-41.24,2048
49560,49.510,2260.91,-40.71,2048
49580,49.530,2261.18,-41.80,2050
49600,49.550,2261.46,-41.10,2051
49620,49.570,2261.75,-40.94,2052
49640,49.590,2262.08,-39.90,2053
49660,49.610,2262.39,-40.73,2054
49680,49.630,2262.70,-39.94,2055
49700,49.650,2263.01,-40.80,2056
49720,49.670,2263.35,-40.30,2057
49740,49.690,2263.70,-40.08,2058
49760,49.710,2264.02,-40.60,2059
49780,49.730,2264.35,-40.90,2060
49800,49.750,2264.70,-40.05,2061
49820,49.770,2265.02,-40.84,2063
49840,49.790,2265.35,-40.52,2063
49860,49.810,2265.73,-40.33,2064
49880,49.830,2266.06,-40.27,2065
49900,49.850,2266.38,-41.32,2065
49920,49.870,2266.69,-40.90,2066
49940,49.890,2267.01,-41.15,2068
49960,49.910,2267.32,-40.42,2068
49980,49.930,2267.67,-41.12,2069
50000,49.950,2267.98,-40.84,2070
50020,49.970,2268.29,-39.78,2071
50040,49.990,2268.61,-39.06,2071
50060,50.010,2268.90,-41.16,2072
50080,50.030,2269.24,-39.61,2073
50100,50.050,2269.56,-40.69,2074
50120,50.070,2269.91,-41.09,2074
50140,50.090,2270.23,-41.46,2076
50160,50.110,2270.55,-39.93,2077
50180,50.130,2270.88,-40.60,2077
50200,50.150,2271.22,-40.77,2078
50220,50.170,2271.56,-40.38,2079
50240,50.190,2271.86,-40.18,2079
50260,50.210,2272.19,-40.18,2080
50280,50.230,2272.50,-41.18,2081
50300,50.250,2272.84,-41.45,2082
50320,50.270,2273.17,-39.98,2083
50340,50.290,2273.51,-41.40,2083
50360,50.310,2273.83,-40.94,2084
50380,50.330,2274.13,-40.18,2086
50400,50.350,2274.49,-40.24,2087
50420,50.370,2274.84,-40.41,2089
50440,50.390,2275.19,-40.66,2090
50460,50.410,2275.49,-40.22,2092
50480,50.430,2275.81,-41.38,2093
50500,50.450,2276.17,-39.89,2094
50520,50.470,2276.54,-38.80,2094
50540,50.490,2276.84,-40.64,2095
50560,50.510,2277.21,-40.39,2095
50580,50.530,2277.55,-40.66,2096
50600,50.550,2277.90,-41.11,2097
50620,50.570,2278.25,-40.34,2097
50640,50.590,2278.57,-40.50,2098
50660,50.610,2278.89,-39.92,2099
50680,50.630,2279.25,-39.22,2099
50700,50.650,2279.62,-40.87,2099
50720,50.670,2279.97,-40.21,2099
50740,50.690,2280.30,-40.24,2100
50760,50.710,2280.62,-40.72,2100
50780,50.730,2281.00,-39.98,2101
50800,50.750,2281.31,-40.69,2102
50820,50.770,2281.65,-40.20,2102
50840,50.790,2281.99,-41.12,2103
50860,50.810,2282.31,-40.64,2103
50880,50.830,2282.65,-39.87,2104
50900,50.850,2282.98,-40.33,2105
50920,50.870,2283.33,-39.71,2106
50940,50.890,2283.69,-40.39,2107
50960,50.910,2284.01,-41.84,2109
50980,50.930,2284.35,-40.59,2110
51000,50.950,2284.69,-39.69,2111
51020,50.970,2285.03,-41.01,2111
51040,50.990,2285.36,-39.97,2112
51060,51.010,2285.71,-39.86,2113
51080,51.030,2286.09,-40.24,2115
51100,51.050,2286.45,-40.05,2115
51120,51.070,2286.74,-41.28,2116
51140,51.090,2287.08,-40.89,2117
51160,51.110,2287.44,-40.19,2119
51180,51.130,2287.79,-41.31,2119
51200,51.150,2288.14,-40.00,2120
51220,51.170,2288.49,-39.83,2120
51240,51.190,2288.80,-41.12,2122
51260,51.210,2289.17,-40.33,2123
51280,51.230,2289.50,-41.07,2123
51300,51.250,2289.85,-41.28,2124
